абрикосовое варенье,570,а,объщая категория
абрикосовое пюре,649,а,объщая категория
абрикосовый джем,599,а,объщая категория
абрикосовый сок,64,а,объщая категория
абрикосы,400,а,объщая категория
абрикосы консервированные,269,а,объщая категория
авокадо,989,а,объщая категория
агава сироп,946,а,объщая категория
агар-агар,826,а,объщая категория
аграм,504,а,объщая категория
аджика,411,а,объщая категория
аджика зеленая,974,а,объщая категория
айва,807,а,объщая категория
айвовое пюре,421,а,объщая категория
айран,258,а,объщая категория
айсинг,36,а,объщая категория
акула стейки,920,а,объщая категория
алкоголь,851,а,объщая категория
алкоголь крепкий,315,а,объщая категория
алыча,601,а,объщая категория
альбухара,124,а,объщая категория
альмехи,380,а,объщая категория
амарантовая мука,704,а,объщая категория
ананасовый сироп,978,а,объщая категория
ананасовый сок,41,а,объщая категория
ананасы,686,а,объщая категория
ананасы вяленые,552,а,объщая категория
ананасы консервированные,80,а,объщая категория
анис,660,а,объщая категория
анис звездочки,517,а,объщая категория
анисовый ликер,296,а,объщая категория
анис семена,228,а,объщая категория
анчоусы,924,а,объщая категория
апельсиновая вода,35,а,объщая категория
апельсиновая цедра,17,а,объщая категория
апельсиновая эссенция,872,а,объщая категория
апельсиновое варенье,837,а,объщая категория
апельсиновые цукаты,977,а,объщая категория
апельсиновый джем,85,а,объщая категория
апельсиновый джем с имбирем,973,а,объщая категория
апельсиновый ликер,565,а,объщая категория
апельсиновый сироп,343,а,объщая категория
апельсиновый сок,945,а,объщая категория
апельсиновый сок свежевыжатый,11,а,объщая категория
апельсиновый уксус,333,а,объщая категория
апельсиновый экстракт,152,а,объщая категория
апельсины,1000,а,объщая категория
апельсины красные,347,а,объщая категория
апельсины крупные,2,а,объщая категория
арахис,768,а,объщая категория
арахис жареный,753,а,объщая категория
арахисовая паста,916,а,объщая категория
арахисовое масло,920,а,объщая категория
арахис соленый,813,а,объщая категория
арбузная мякоть,836,а,объщая категория
арбузы,566,а,объщая категория
аргановое масло,332,а,объщая категория
аришта,475,а,объщая категория
ароматизатор,644,а,объщая категория
"ароматизатор ""ананас""",444,а,объщая категория
"ароматизатор ""вишня""",592,а,объщая категория
"ароматизатор ""малина""",902,а,объщая категория
"ароматизатор ""ром""",491,а,объщая категория
артишоки,67,а,объщая категория
артишоки в масле,877,а,объщая категория
артишоки маринованные,576,а,объщая категория
аспирин,393,а,объщая категория
ассорти мясное,711,а,объщая категория
ассорти овощное,818,а,объщая категория
ассорти фруктовое,687,а,объщая категория
ассорти ягодное,682,а,объщая категория
аши,58,а,объщая категория
багет,12,б,объщая категория
багет вчерашний,288,б,объщая категория
багет мини,870,б,объщая категория
бадан,147,б,объщая категория
бадьян,204,б,объщая категория
базилик лимонный,519,б,объщая категория
базилик свежий,405,б,объщая категория
базилик сушеный,786,б,объщая категория
базилик тайский,292,б,объщая категория
базилик фиолетовый,161,б,объщая категория
баклажаны,229,б,объщая категория
баклажаны мини,468,б,объщая категория
баклажаны тайские,662,б,объщая категория
балык,678,б,объщая категория
бальзам,820,б,объщая категория
бальзамический крем,718,б,объщая категория
бальзамический соус,16,б,объщая категория
бальзамический уксус,203,б,объщая категория
бальзам рижский черный,27,б,объщая категория
бамия,114,б,объщая категория
банановое пюре,622,б,объщая категория
банановые чипсы,204,б,объщая категория
банановый зеленый сироп,792,б,объщая категория
банановый ликер,431,б,объщая категория
бананы,407,б,объщая категория
бананы мини,888,б,объщая категория
барабулька,174,б,объщая категория
бараний ливер,397,б,объщая категория
бараний окорок на косточке,902,б,объщая категория
бараний фарш,93,б,объщая категория
баранина,80,б,объщая категория
баранки,960,б,объщая категория
бараньи антрекоты,420,б,объщая категория
бараньи голяшки,814,б,объщая категория
бараньи потроха,462,б,объщая категория
бараньи ребрышки,553,б,объщая категория
баранья лопатка,784,б,объщая категория
баранья нога,496,б,объщая категория
баранья печень,221,б,объщая категория
барбарис,283,б,объщая категория
барбарис вяленый,195,б,объщая категория
барбарис молотый,984,б,объщая категория
бастурма,885,б,объщая категория
батат,336,б,объщая категория
батон,533,б,объщая категория
батончики шоколадные,761,б,объщая категория
безе,936,б,объщая категория
бекон,411,б,объщая категория
бекон варено-копченый,442,б,объщая категория
бекон сырокопченый,231,б,объщая категория
белорыбица,428,б,объщая категория
бирнель,739,б,объщая категория
бисквик смесь готовая,861,б,объщая категория
бисквит,636,б,объщая категория
бисквитная крошка,541,б,объщая категория
бисквитный корж,819,б,объщая категория
бисквитный рулет,420,б,объщая категория
бисквит шоколадный,169,б,объщая категория
бифштекс,261,б,объщая категория
блинная мука,710,б,объщая категория
блины готовые,127,б,объщая категория
блины овсяные,611,б,объщая категория
бобовые ростки,676,б,объщая категория
бобы,487,б,объщая категория
бобы мунг пророщенные,477,б,объщая категория
бобы тонка,797,б,объщая категория
ботарга,113,б,объщая категория
брезаола,905,б,объщая категория
бренди,566,б,объщая категория
брокколи замороженная,510,б,объщая категория
брокколи свежая,288,б,объщая категория
брусника замороженная,712,б,объщая категория
брусника свежая,353,б,объщая категория
брусника сушеная,66,б,объщая категория
брусничное варенье,628,б,объщая категория
брусничный соус,419,б,объщая категория
брынза,374,б,объщая категория
брынза сербская,370,б,объщая категория
брюква,556,б,объщая категория
буженина,252,б,объщая категория
бузина сироп,948,б,объщая категория
букет гарни,209,б,объщая категория
булгур,897,б,объщая категория
булка,245,б,объщая категория
булка белая,632,б,объщая категория
булка сдобная,356,б,объщая категория
булочки,685,б,объщая категория
булочки белые черствые,573,б,объщая категория
булочки бриошь,131,б,объщая категория
булочки вчерашние,854,б,объщая категория
булочки для гамбургеров,730,б,объщая категория
булочки зерновые,516,б,объщая категория
булочки ржаные,241,б,объщая категория
булочки с кунжутом,654,б,объщая категория
бульон,953,б,объщая категория
бульонные кубики,205,б,объщая категория
бурбон,181,б,объщая категория
Буррата,526,б,объщая категория
буряк,868,б,объщая категория
бусинки кондитерские,263,б,объщая категория
бусинки кондитерские серебряные,286,б,объщая категория
бычий хвост,331,б,объщая категория
ванилин,972,в,объщая категория
ваниль в стручках,448,в,объщая категория
ванильная настойка,227,в,объщая категория
ванильная эссенция,405,в,объщая категория
ванильный порошок,475,в,объщая категория
ванильный сироп,32,в,объщая категория
ванильный экстракт,222,в,объщая категория
варенье,814,в,объщая категория
васаби,137,в,объщая категория
вафельная крошка,377,в,объщая категория
вафельные коржи,122,в,объщая категория
вафельные трубочки,559,в,объщая категория
вафли,314,в,объщая категория
вафли шоколадные,601,в,объщая категория
вермишель,685,в,объщая категория
вермишель яичная,377,в,объщая категория
вермут,915,в,объщая категория
вермут белый,559,в,объщая категория
вермут сухой,873,в,объщая категория
ветчина,103,в,объщая категория
ветчина вареная,755,в,объщая категория
ветчина варено-копченая,335,в,объщая категория
ветчина копченая,47,в,объщая категория
ветчина пармская,310,в,объщая категория
ветчина сырокопченая,270,в,объщая категория
вешенки,450,в,объщая категория
винегрет,606,в,объщая категория
винный камень,288,в,объщая категория
винный уксус,746,в,объщая категория
винный уксус белый,629,в,объщая категория
винный уксус красный,759,в,объщая категория
винный уксус на чесноке,242,в,объщая категория
винный уксус на эстрагоне,593,в,объщая категория
вино белое,53,в,объщая категория
вино белое полусладкое,680,в,объщая категория
вино белое полусухое,268,в,объщая категория
вино белое сладкое,529,в,объщая категория
вино белое столовое,904,в,объщая категория
вино белое сухое,148,в,объщая категория
виноград,70,в,объщая категория
виноград без косточек,523,в,объщая категория
виноград белый,346,в,объщая категория
виноград изабелла,473,в,объщая категория
виноградное желе,299,в,объщая категория
виноградные листья,882,в,объщая категория
виноградные листья маринованные,760,в,объщая категория
виноградные листья молодые,91,в,объщая категория
виноградный сок,267,в,объщая категория
виноградный сок осветленный,540,в,объщая категория
виноград синий,932,в,объщая категория
виноград черный,679,в,объщая категория
вино десертное,540,в,объщая категория
вино игристое сухое,1,в,объщая категория
вино красное,413,в,объщая категория
вино красное полусладкое,271,в,объщая категория
вино красное полусухое,899,в,объщая категория
вино красное сладкое,302,в,объщая категория
вино красное сухое,789,в,объщая категория
вино крепленое,801,в,объщая категория
вино розовое полусладкое,814,в,объщая категория
вино розовое полусухое,237,в,объщая категория
виски,731,в,объщая категория
витамин C в порошке,876,в,объщая категория
вишневая настойка,52,в,объщая категория
вишневое варенье,946,в,объщая категория
вишневые листья,261,в,объщая категория
вишневый джем,369,в,объщая категория
вишневый ликер,538,в,объщая категория
вишневый сироп,746,в,объщая категория
вишневый сок,971,в,объщая категория
вишня,251,в,объщая категория
вишня вяленая,897,в,объщая категория
вишня замороженная,220,в,объщая категория
вишня засахаренная кондитерская,933,в,объщая категория
вишня коктейльная,476,в,объщая категория
вишня мараскино,671,в,объщая категория
"вишня, протертая с сахаром",588,в,объщая категория
вода,55,в,объщая категория
вода минеральная без газа,932,в,объщая категория
вода минеральная газированная,298,в,объщая категория
водка,684,в,объщая категория
водка анисовая,45,в,объщая категория
водоросли,789,в,объщая категория
вустерширский соус,639,в,объщая категория
галангал корень,883,г,объщая категория
галеты,263,г,объщая категория
гамбургер,304,г,объщая категория
ганаш,975,г,объщая категория
гарам масала,979,г,объщая категория
гарнир,350,г,объщая категория
гаспачо,903,г,объщая категория
гастропаб,566,г,объщая категория
гвоздика,338,г,объщая категория
гвоздика молотая,5,г,объщая категория
герань листья,210,г,объщая категория
геркулес,641,г,объщая категория
глазурь,541,г,объщая категория
глазурь белая,955,г,объщая категория
глазурь готовая,156,г,объщая категория
глазурь черная,839,г,объщая категория
глазурь шоколадная белая,794,г,объщая категория
глутамат натрия,418,г,объщая категория
глюкоза,219,г,объщая категория
глюкоза сироп,92,г,объщая категория
говядина,706,г,объщая категория
говядина на кости,841,г,объщая категория
говяжий фарш,413,г,объщая категория
говяжий язык,511,г,объщая категория
говяжье сердце,477,г,объщая категория
говяжьи бифштексы,316,г,объщая категория
говяжьи голяшки,68,г,объщая категория
говяжьи легкие,628,г,объщая категория
говяжьи ребра,641,г,объщая категория
говяжьи стейки рибай,122,г,объщая категория
говяжья вырезка,386,г,объщая категория
говяжья грудинка,710,г,объщая категория
говяжья лопатка,457,г,объщая категория
говяжья мозговая кость,306,г,объщая категория
говяжья мякоть,87,г,объщая категория
говяжья печень,967,г,объщая категория
говяжья черева,259,г,объщая категория
говяжья шейка,272,г,объщая категория
годжи,846,г,объщая категория
голец филе,38,г,объщая категория
голубика,250,г,объщая категория
голубика замороженная,208,г,объщая категория
голубь,938,г,объщая категория
горбуша,210,г,объщая категория
горбуша в собственном соку,191,г,объщая категория
горбуша филе,524,г,объщая категория
горгонзола,820,г,объщая категория
горгонзола пиканте,506,г,объщая категория
горох,846,г,объщая категория
горох колотый,808,г,объщая категория
гороховые ростки,80,г,объщая категория
гороховый суп,397,г,объщая категория
горошек зеленый,218,г,объщая категория
горошек зеленый замороженный,734,г,объщая категория
горошек зеленый консервированный,768,г,объщая категория
горошек стручковый свежий,410,г,объщая категория
горчица,122,г,объщая категория
горчица дижонская,630,г,объщая категория
горчица дижонская с медом,262,г,объщая категория
горчица желтая семена,32,г,объщая категория
горчица острая,748,г,объщая категория
горчица русская,39,г,объщая категория
горчица семена,776,г,объщая категория
горчица с зернами,473,г,объщая категория
горчица сухая,996,г,объщая категория
горчица французская,413,г,объщая категория
горчица цитрусовая,243,г,объщая категория
горчичное масло,743,г,объщая категория
горчичный порошок,787,г,объщая категория
грана падано,380,г,объщая категория
гранатные зерна,743,г,объщая категория
гранатовая паста,211,г,объщая категория
гранатовый сироп,996,г,объщая категория
гранатовый сок,714,г,объщая категория
гранатовый сок свежевыжатый,878,г,объщая категория
гранатовый соус,238,г,объщая категория
гранаты,255,г,объщая категория
гранита,870,г,объщая категория
гранола с орехами,992,г,объщая категория
граппа,127,г,объщая категория
гратен,167,г,объщая категория
грейпфрутовая цедра,362,г,объщая категория
грейпфрутовый сок,591,г,объщая категория
грейпфруты,672,г,объщая категория
грейпфруты розовые,733,г,объщая категория
гренадин,422,г,объщая категория
гренки,821,г,объщая категория
грецкие орехи,947,г,объщая категория
грецкие орехи рубленые,81,г,объщая категория
гречневая крупа,399,г,объщая категория
гречневая крупа зеленая,461,г,объщая категория
гречневая лапша соба,487,г,объщая категория
гречневая мука,600,г,объщая категория
гречневое молоко,354,г,объщая категория
гречневые хлопья,962,г,объщая категория
грибы,663,г,объщая категория
грибы белые,390,г,объщая категория
грибы белые замороженные,334,г,объщая категория
грибы белые маринованные,849,г,объщая категория
грибы белые сухие,740,г,объщая категория
грибы замороженные,595,г,объщая категория
грибы замороженные (опята и маслята),131,г,объщая категория
грибы лесные,309,г,объщая категория
грибы маринованные,10,г,объщая категория
грибы свежие,441,г,объщая категория
грибы соленые,477,г,объщая категория
грибы соломенные консервированные,38,г,объщая категория
грибы сухие,844,г,объщая категория
грибы шиитаке,773,г,объщая категория
грибы шиитаке сухие,156,г,объщая категория
гриль,176,г,объщая категория
гриссини,358,г,объщая категория
грудинка,790,г,объщая категория
грудинка варено-копченая,965,г,объщая категория
грудинка копченая,882,г,объщая категория
грушевое пюре,405,г,объщая категория
грушевый ликер,526,г,объщая категория
грушевый сироп,58,г,объщая категория
грушевый сок,24,г,объщая категория
грушевый уксус,70,г,объщая категория
груши,349,г,объщая категория
груши вяленые,389,г,объщая категория
грюйер,568,г,объщая категория
гуава,309,г,объщая категория
гуанчиале,708,г,объщая категория
гурьевская каша,590,г,объщая категория
гусиная грудка копченая,133,г,объщая категория
гусиная печень,947,г,объщая категория
гусиный жир,158,г,объщая категория
гусь,714,г,объщая категория
гусь тушка,487,г,объщая категория
дайкон,472,д,объщая категория
детское питание,727,д,объщая категория
джем,897,д,объщая категория
джин,531,д,объщая категория
джусай,320,д,объщая категория
диоксид титана,824,д,объщая категория
долма,474,д,объщая категория
дорада,216,д,объщая категория
дорада потрошеная с головой,986,д,объщая категория
дорада с головой,766,д,объщая категория
дорада тушка,925,д,объщая категория
драже,431,д,объщая категория
дрожжи домашние,261,д,объщая категория
дрожжи свежие,758,д,объщая категория
дрожжи сухие,312,д,объщая категория
дубовая кора,818,д,объщая категория
душица,491,д,объщая категория
дыня,746,д,объщая категория
ежевика,673,е,объщая категория
ежевика замороженная,256,е,объщая категория
ерш,187,е,объщая категория
ёрш-носарь,603,е,объщая категория
желатин,470,ж,объщая категория
желатин листовой,432,ж,объщая категория
желе,209,ж,объщая категория
желе для торта,796,ж,объщая категория
желирующее вещество,83,ж,объщая категория
желирующий сахар,875,ж,объщая категория
женьшень,827,ж,объщая категория
жидкий дым,544,ж,объщая категория
жимолость,869,ж,объщая категория
жир,282,ж,объщая категория
жир вытопленный,857,ж,объщая категория
жир кулинарный,363,ж,объщая категория
жир растительный,283,ж,объщая категория
заатар,253,з,объщая категория
завтрак сухой,151,з,объщая категория
завтрак сухой подушечки,995,з,объщая категория
загуститель для сливок,539,з,объщая категория
зайчатина,682,з,объщая категория
закваска,482,з,объщая категория
закваска вечная,75,з,объщая категория
заменитель сахара,486,з,объщая категория
заменитель сахара стевия,503,з,объщая категория
заправка для салатов готовая,706,з,объщая категория
зверобой,624,з,объщая категория
зелень,698,з,объщая категория
зелень рубленая,852,з,объщая категория
земляника,377,з,объщая категория
земляника замороженная,73,з,объщая категория
зефир,34,з,объщая категория
зира,767,з,объщая категория
злаковые хлопья,558,з,объщая категория
зубатка,32,з,объщая категория
зубатка филе,147,з,объщая категория
изолят соевого протеина,619,и,объщая категория
изюм,622,и,объщая категория
изюм без косточек,681,и,объщая категория
изюм белый,840,и,объщая категория
изюм черный,115,и,объщая категория
икра,749,и,объщая категория
икра вяленой рыбы,869,и,объщая категория
икра горбуши зернистая,649,и,объщая категория
икра красная,427,и,объщая категория
икра красной рыбы мелкая,570,и,объщая категория
икра летучей рыбы,114,и,объщая категория
икра лосося,559,и,объщая категория
икра мойвы,959,и,объщая категория
икра палтуса,29,и,объщая категория
икра судака,162,и,объщая категория
икра черная,730,и,объщая категория
имбирное варенье,611,и,объщая категория
имбирное печенье,192,и,объщая категория
имбирные цукаты,646,и,объщая категория
имбирь,580,и,объщая категория
имбирь засахаренный,367,и,объщая категория
имбирь корень,925,и,объщая категория
имбирь маринованный,700,и,объщая категория
имбирь молотый,591,и,объщая категория
индейка,222,и,объщая категория
индейка голень,219,и,объщая категория
индейка грудка,981,и,объщая категория
индейка копченая,476,и,объщая категория
индейка тушка,959,и,объщая категория
индейка фарш,912,и,объщая категория
индейка филе,176,и,объщая категория
индоутка,376,и,объщая категория
индюшачья печень,391,и,объщая категория
инжир,339,и,объщая категория
инжир свежий,558,и,объщая категория
инжир сушеный,633,и,объщая категория
ирга,772,и,объщая категория
ириски,614,и,объщая категория
итальянские травы,409,и,объщая категория
йогурт,981,й,объщая категория
йогурт греческий,561,й,объщая категория
йогурт жирный,712,й,объщая категория
йогурт козий,413,й,объщая категория
йогурт натуральный,98,й,объщая категория
йогурт нежирный,411,й,объщая категория
йогурт обезжиренный,499,й,объщая категория
йогурт фруктовый,833,й,объщая категория
кабачки,16,к,объщая категория
кабачки замороженные,37,к,объщая категория
кабачки молодые,69,к,объщая категория
каджунская смесь специй,926,к,объщая категория
какао,841,к,объщая категория
какао-бобы,125,к,объщая категория
какао-масло,840,к,объщая категория
какао-порошок,888,к,объщая категория
какао-порошок обезжиренный,31,к,объщая категория
какао сгущенное,482,к,объщая категория
калина,103,к,объщая категория
калина протертая,486,к,объщая категория
калинджи семена,490,к,объщая категория
кальвадос,368,к,объщая категория
кальмары,476,к,объщая категория
кальмары вареные,861,к,объщая категория
кальмары замороженные,625,к,объщая категория
кальмары консервированные,749,к,объщая категория
кальмары филе,993,к,объщая категория
камамбер,648,к,объщая категория
камбала,671,к,объщая категория
камбала филе,769,к,объщая категория
кампари,948,к,объщая категория
кандурин золотой,239,к,объщая категория
каннеллони,308,к,объщая категория
капеллини,61,к,объщая категория
каперсы,696,к,объщая категория
каперсы в винном уксусе,995,к,объщая категория
каперсы маринованные,526,к,объщая категория
капуста белокочанная,922,к,объщая категория
капуста брюссельская,363,к,объщая категория
капуста брюссельская замороженная,208,к,объщая категория
капуста кале,555,к,объщая категория
капуста квашеная,723,к,объщая категория
капуста кольраби,353,к,объщая категория
капуста краснокочанная,981,к,объщая категория
капуста морская,836,к,объщая категория
капуста морская замороженная,399,к,объщая категория
капуста морская сушеная,891,к,объщая категория
капуста пекинская,893,к,объщая категория
капуста савойская,10,к,объщая категория
капуста цветная,507,к,объщая категория
капуста цветная замороженная,496,к,объщая категория
капустный рассол,634,к,объщая категория
капучино,892,к,объщая категория
каракатица,895,к,объщая категория
каракатица очищенная,433,к,объщая категория
карамбола,5,к,объщая категория
карамель,501,к,объщая категория
карамельный соус,581,к,объщая категория
карамель с начинкой,397,к,объщая категория
карамель соленая,175,к,объщая категория
карась,967,к,объщая категория
карбонад,652,к,объщая категория
кардамон,710,к,объщая категория
кардамон зерна,675,к,объщая категория
кардамон молотый,755,к,объщая категория
кардамон стручки,229,к,объщая категория
каркаде,540,к,объщая категория
карп,146,к,объщая категория
карп зеркальный,873,к,объщая категория
карп филе,835,к,объщая категория
карри,756,к,объщая категория
карри листья,559,к,объщая категория
карри паста,777,к,объщая категория
картофель,934,к,объщая категория
картофель вареный,521,к,объщая категория
картофель вареный в мундире,84,к,объщая категория
картофель молодой,90,к,объщая категория
картофельное пюре,362,к,объщая категория
картофельные ньокки,876,к,объщая категория
картофельные хлопья,566,к,объщая категория
картофельные чипсы,688,к,объщая категория
картофельный крахмал,779,к,объщая категория
картофельный отвар,514,к,объщая категория
картофельный хэш замороженный,535,к,объщая категория
картофель печеный,967,к,объщая категория
катык,258,к,объщая категория
каффир-лайм листья,70,к,объщая категория
каша,901,к,объщая категория
каша для детского питания,779,к,объщая категория
каштановая мука,295,к,объщая категория
каштановый крем,294,к,объщая категория
каштаны,966,к,объщая категория
каштаны вареные,51,к,объщая категория
каштаны консервированные,165,к,объщая категория
каштаны очищенные,190,к,объщая категория
квас,79,к,объщая категория
квасное сусло,47,к,объщая категория
квасной концентрат сухой,416,к,объщая категория
квас хлебный,409,к,объщая категория
кедровая мука,35,к,объщая категория
кедровые орехи,449,к,объщая категория
кедровые орехи жареные,163,к,объщая категория
кета,795,к,объщая категория
кетчуп острый,793,к,объщая категория
кетчуп томатный,742,к,объщая категория
кетчуп тосканский,677,к,объщая категория
кетчуп шашлычный,495,к,объщая категория
кефаль,331,к,объщая категория
кефир,387,к,объщая категория
кефир 1%,127,к,объщая категория
"кефир 2,5%",138,к,объщая категория
"кефир 3,2%",539,к,объщая категория
кефир обезжиренный,861,к,объщая категория
кешью,421,к,объщая категория
кивано,919,к,объщая категория
киви,455,к,объщая категория
киви желе,827,к,объщая категория
кижуч,473,к,объщая категория
кижуч горячего копчения филе,279,к,объщая категория
кизил,71,к,объщая категория
килька,258,к,объщая категория
кимчи,260,к,объщая категория
кинза свежая,794,к,объщая категория
кинза сушеная,105,к,объщая категория
киноа,599,к,объщая категория
киноа молотая,554,к,объщая категория
кипяток,693,к,объщая категория
кирш,191,к,объщая категория
кисель,681,к,объщая категория
кисель сухой,952,к,объщая категория
кисломолочный напиток Тан,464,к,объщая категория
кишки,363,к,объщая категория
клейковина,621,к,объщая категория
клементины,658,к,объщая категория
кленовый сироп,773,к,объщая категория
клубника,37,к,объщая категория
клубника в сиропе,962,к,объщая категория
клубника замороженная,991,к,объщая категория
"клубника, протертая с сахаром",165,к,объщая категория
клубника сушеная,619,к,объщая категория
клубничное варенье,322,к,объщая категория
клубничное желе,819,к,объщая категория
клубничное пюре,607,к,объщая категория
клубничный джем,427,к,объщая категория
клубничный джем густой,233,к,объщая категория
клубничный компот,894,к,объщая категория
клубничный ликер,449,к,объщая категория
клубничный сироп,838,к,объщая категория
клюква,245,к,объщая категория
клюква вяленая,246,к,объщая категория
клюква замороженная,110,к,объщая категория
"клюква, протертая с сахаром",857,к,объщая категория
клюквенное варенье,67,к,объщая категория
клюквенный джем,646,к,объщая категория
клюквенный морс,304,к,объщая категория
клюквенный сироп,753,к,объщая категория
клюквенный соус,222,к,объщая категория
козлиная печень,722,к,объщая категория
козлятина молодая,450,к,объщая категория
кока-кола,688,к,объщая категория
кокосовая вода,472,к,объщая категория
кокосовая мука,344,к,объщая категория
кокосовая стружка,60,к,объщая категория
кокосовая стружка цветная,198,к,объщая категория
кокосовое масло,470,к,объщая категория
кокосовое молоко,426,к,объщая категория
кокосовые сливки,481,к,объщая категория
кокосовый ликер,293,к,объщая категория
кокосовый экстракт,689,к,объщая категория
кокосы,984,к,объщая категория
кола,948,к,объщая категория
колбаса,690,к,объщая категория
колбаса вареная,17,к,объщая категория
колбаса варено-копченая,972,к,объщая категория
колбаса копченая,730,к,объщая категория
колбаса кровяная,28,к,объщая категория
колбаса полукопченая,962,к,объщая категория
колбаса сырокопченая,482,к,объщая категория
колбаска свиная свежая (salsiccia),182,к,объщая категория
колбаски,400,к,объщая категория
колбаски для жарки,634,к,объщая категория
колбаски домашние,920,к,объщая категория
колбаски охотничьи,526,к,объщая категория
колбаски сырокопченые,267,к,объщая категория
компот,44,к,объщая категория
конопляное масло,35,к,объщая категория
конопля семена,157,к,объщая категория
конфеты,548,к,объщая категория
конфеты M&M’s,421,к,объщая категория
конфеты жевательные лакричные,677,к,объщая категория
конфеты Коровка,60,к,объщая категория
конфеты Трюфель,963,к,объщая категория
конфитюр,510,к,объщая категория
конфитюрка,287,к,объщая категория
коньяк,394,к,объщая категория
копчености,746,к,объщая категория
коренья,513,к,объщая категория
кориандр,567,к,объщая категория
кориандр зелень,832,к,объщая категория
кориандр молотый,940,к,объщая категория
кориандр семена,798,к,объщая категория
коринка,999,к,объщая категория
корица,980,к,объщая категория
корица молотая,395,к,объщая категория
корнишоны,129,к,объщая категория
корнишоны маринованые,4,к,объщая категория
корюшка,359,к,объщая категория
корюшка горячего копчения,684,к,объщая категория
кости,860,к,объщая категория
кости мозговые,419,к,объщая категория
кость сахарная,379,к,объщая категория
кофе в зернах,977,к,объщая категория
кофе зеленый,350,к,объщая категория
кофейные зерна в шоколаде,506,к,объщая категория
кофейный ликер,226,к,объщая категория
кофейный ликер Kahlua,986,к,объщая категория
кофейный напиток,633,к,объщая категория
кофейный сироп,805,к,объщая категория
кофейный экстракт,262,к,объщая категория
кофе молотый,872,к,объщая категория
кофе растворимый,811,к,объщая категория
кофе свежесваренный,178,к,объщая категория
кофе черный,874,к,объщая категория
кофе эспрессо,480,к,объщая категория
крабовое мясо,989,к,объщая категория
крабовые палочки,454,к,объщая категория
краб снежный,218,к,объщая категория
крабы,625,к,объщая категория
крапива,847,к,объщая категория
краситель-гель пищевой,707,к,объщая категория
краситель пищевой,378,к,объщая категория
краситель пищевой вишневый,577,к,объщая категория
краситель пищевой желтый,822,к,объщая категория
краситель пищевой зеленый,977,к,объщая категория
краситель пищевой красный,406,к,объщая категория
краситель пищевой оранжевый,483,к,объщая категория
краситель пищевой фиолетовый,587,к,объщая категория
краситель пищевой черный,1,к,объщая категория
красная смородина,888,к,объщая категория
"красная смородина, протертая с сахаром",161,к,объщая категория
красноперка,68,к,объщая категория
красносмородиновое варенье,586,к,объщая категория
красный винный соус,306,к,объщая категория
крахмал,69,к,объщая категория
креветки,582,к,объщая категория
креветки замороженные,408,к,объщая категория
креветки королевские,505,к,объщая категория
креветки очищенные,978,к,объщая категория
креветки очищенные в рассоле,593,к,объщая категория
креветки салатные,76,к,объщая категория
креветки сушеные,962,к,объщая категория
креветки тигровые,490,к,объщая категория
крекер,711,к,объщая категория
крекер соленый,794,к,объщая категория
крем заварной,471,к,объщая категория
крем заварной порошковый,845,к,объщая категория
крем-фреш,148,к,объщая категория
кресс-салат,996,к,объщая категория
кровь,170,к,объщая категория
кролик,528,к,объщая категория
кролик тушка,511,к,объщая категория
кролик филе,506,к,объщая категория
кроличья печень,99,к,объщая категория
круассаны,13,к,объщая категория
крутоны мелкие,881,к,объщая категория
крыжовник,993,к,объщая категория
крыжовниковое варенье,168,к,объщая категория
кукуруза,338,к,объщая категория
кукуруза замороженная,473,к,объщая категория
кукуруза консервированная,630,к,объщая категория
кукуруза обжаренная кикос,220,к,объщая категория
кукурузная крупа,83,к,объщая категория
кукурузная мука,23,к,объщая категория
кукурузное масло,942,к,объщая категория
кукурузные лепешки,521,к,объщая категория
кукурузные палочки,562,к,объщая категория
кукурузные хлопья,784,к,объщая категория
кукурузные хлопья глазированные,74,к,объщая категория
кукурузные чипсы,794,к,объщая категория
кукурузный (золотой) сироп,821,к,объщая категория
кукурузный крахмал,732,к,объщая категория
кумин,733,к,объщая категория
кумкваты,70,к,объщая категория
кунжут,495,к,объщая категория
кунжутная мука,957,к,объщая категория
кунжутная паста,40,к,объщая категория
кунжутное масло,529,к,объщая категория
кунжутные семечки,60,к,объщая категория
кунжут черный,969,к,объщая категория
купаты,626,к,объщая категория
курага,904,к,объщая категория
курдючное сало,33,к,объщая категория
курдючный жир,481,к,объщая категория
куриная ветчина,632,к,объщая категория
куриная кожа,968,к,объщая категория
куриная печень,732,к,объщая категория
куриное карпаччо,399,к,объщая категория
куриное филе,718,к,объщая категория
куриные бедра,945,к,объщая категория
куриные голени,147,к,объщая категория
куриные голени копченые,365,к,объщая категория
куриные грудки,213,к,объщая категория
куриные грудки вареные,630,к,объщая категория
куриные грудки копченые,723,к,объщая категория
куриные желудочки,744,к,объщая категория
куриные кости,22,к,объщая категория
куриные крылья,97,к,объщая категория
куриные окорочка,449,к,объщая категория
куриные окорочка копченые,290,к,объщая категория
куриные потрошки,844,к,объщая категория
куриные сердечки,832,к,объщая категория
куриный бульон,205,к,объщая категория
куриный паштет,447,к,объщая категория
куриный суповой набор,644,к,объщая категория
куриный фарш,143,к,объщая категория
курица,157,к,объщая категория
курица вареная,146,к,объщая категория
курица для жарки,595,к,объщая категория
курица копченая,212,к,объщая категория
курица тушка,445,к,объщая категория
куркума,934,к,объщая категория
куропатки,75,к,объщая категория
кускус,350,к,объщая категория
кускус жемчужный,470,к,объщая категория
кэроб,471,к,объщая категория
лаванда,972,л,объщая категория
лаванда сушеная,928,л,объщая категория
лавандовый краситель,998,л,объщая категория
лаваш,98,л,объщая категория
лаваш армянский,266,л,объщая категория
лаваш персидский круглый,827,л,объщая категория
лаваш тонкий,14,л,объщая категория
лавровые листья свежие,845,л,объщая категория
лавровый лист,484,л,объщая категория
лайм,349,л,объщая категория
лайм листья,865,л,объщая категория
лаймовая цедра,742,л,объщая категория
лаймовый сок,255,л,объщая категория
лангустины,8,л,объщая категория
лапша,428,л,объщая категория
лапша для лагмана,328,л,объщая категория
лапша ширатаки,527,л,объщая категория
лапша яичная в гнездах,184,л,объщая категория
латук,193,л,объщая категория
легкие,729,л,объщая категория
лед,456,л,объщая категория
леди-фиш тушка,725,л,объщая категория
лемонграсс (лимонное сорго),623,л,объщая категория
лен семена,129,л,объщая категория
лепешки,329,л,объщая категория
лепешки арабские,910,л,объщая категория
лесные орехи,381,л,объщая категория
лечо,265,л,объщая категория
ливер,592,л,объщая категория
ликер,748,л,объщая категория
ликер Alchermes,471,л,объщая категория
ликер Amaretto,961,л,объщая категория
ликер Baileys,590,л,объщая категория
ликер Cointreau,286,л,объщая категория
ликер кремовый,61,л,объщая категория
ликер сливочный,242,л,объщая категория
лимонад,728,л,объщая категория
лимонная кислота,118,л,объщая категория
лимонная цедра,767,л,объщая категория
лимонник стебель,481,л,объщая категория
лимонник ягоды,768,л,объщая категория
лимонные корочки засахаренные,524,л,объщая категория
лимонные цукаты,770,л,объщая категория
лимонный сок,468,л,объщая категория
лимонный уксус,158,л,объщая категория
лимонный экстракт,227,л,объщая категория
лимончелло,375,л,объщая категория
лимоны,771,л,объщая категория
лимоны сушеные,728,л,объщая категория
лингвине,358,л,объщая категория
лисички,318,л,объщая категория
лисички сушеные,242,л,объщая категория
личи,597,л,объщая категория
личи компот,105,л,объщая категория
лобстер,481,л,объщая категория
лонган,903,л,объщая категория
лонгконг,621,л,объщая категория
лососевые молоки,763,л,объщая категория
лососевый фарш,835,л,объщая категория
лосось,475,л,объщая категория
лосось горячего копчения,110,л,объщая категория
лосось копченый,742,л,объщая категория
лосось свежесоленый,615,л,объщая категория
лосось свежий,406,л,объщая категория
лосось свежий филе,1,л,объщая категория
лосось слабосоленый,666,л,объщая категория
лосось стейки,130,л,объщая категория
лосось филе,215,л,объщая категория
лосось филе на коже,256,л,объщая категория
лосось холодного копчения,306,л,объщая категория
лосятина,817,л,объщая категория
лук белый,531,л,объщая категория
лук зеленый,823,л,объщая категория
лук красный,402,л,объщая категория
лук маринованный,878,л,объщая категория
луковая шелуха,608,л,объщая категория
луковый порошок,469,л,объщая категория
лук-порей,613,л,объщая категория
лук-резанец,685,л,объщая категория
лук репчатый,836,л,объщая категория
лук репчатый мелкий,340,л,объщая категория
лук салатный,24,л,объщая категория
лук сушеный,565,л,объщая категория
лук-шалот,590,л,объщая категория
лук-шалот красный,621,л,объщая категория
льняная мука,681,л,объщая категория
льняное масло,233,л,объщая категория
льняное семя,796,л,объщая категория
льняное семя молотое,434,л,объщая категория
любисток,984,л,объщая категория
маасдам,91,м,объщая категория
мадера,216,м,объщая категория
майонез,251,м,объщая категория
майонез домашний,561,м,объщая категория
майонез легкий,450,м,объщая категория
майонезный соус «Слобода» Постный,229,м,объщая категория
майонез оливковый,954,м,объщая категория
майонез «Слобода» Легкий,646,м,объщая категория
майонез «Слобода» На перепелиных яйцах,858,м,объщая категория
майонез «Слобода» Оливковый,191,м,объщая категория
майонез «Слобода» Провансаль,926,м,объщая категория
майонез «Слобода» С лимонным соком,197,м,объщая категория
майонез «Слобода» Сметанный,675,м,объщая категория
майоран,136,м,объщая категория
майоран свежий,471,м,объщая категория
майоран сушеный,739,м,объщая категория
мак,702,м,объщая категория
макаронные изделия,431,м,объщая категория
макаронные изделия мелкие,364,м,объщая категория
макароны,800,м,объщая категория
макароны-бабочки (farfalle),269,м,объщая категория
макароны-бабочки (farfalle) мини,313,м,объщая категория
макароны баветте,202,м,объщая категория
макароны-бантики,966,м,объщая категория
макароны букатини,212,м,объщая категория
макароны джильи,63,м,объщая категория
макароны диталони,551,м,объщая категория
макароны-звездочки,75,м,объщая категория
макароны орзо,586,м,объщая категория
макароны-ракушки (conchiglie),878,м,объщая категория
макароны-ракушки (conchiglie rigate),108,м,объщая категория
макароны-ракушки крупные,445,м,объщая категория
макароны рисони,729,м,объщая категория
макароны-рожки (pipe rigate),5,м,объщая категория
макароны-спиральки (fusilli),82,м,объщая категория
макароны-ушки (orecchiette),996,м,объщая категория
маккерончини,68,м,объщая категория
мак молотый,691,м,объщая категория
маковая масса,246,м,объщая категория
малина,788,м,объщая категория
малина замороженная,52,м,объщая категория
"малина, протертая с сахаром",839,м,объщая категория
малина сушеная,11,м,объщая категория
малиновое варенье,353,м,объщая категория
малиновое желе,616,м,объщая категория
малиновое пюре,399,м,объщая категория
малиновый джем,550,м,объщая категория
малиновый крем,876,м,объщая категория
малиновый сироп,803,м,объщая категория
малиновый соус,500,м,объщая категория
малиновый уксус,463,м,объщая категория
малиновый чай,326,м,объщая категория
манго,52,м,объщая категория
манговый сироп,659,м,объщая категория
манго консервированное,457,м,объщая категория
мангольд,420,м,объщая категория
мангустин,319,м,объщая категория
мандариновое пюре,294,м,объщая категория
мандариновые цукаты,64,м,объщая категория
мандариновый сок,854,м,объщая категория
мандарины,403,м,объщая категория
мандарины в собственном соку,122,м,объщая категория
манная крупа,296,м,объщая категория
маракуйя,544,м,объщая категория
маргарин,448,м,объщая категория
маргарин сливочный,850,м,объщая категория
мармелад,621,м,объщая категория
мармелад бутербродный,13,м,объщая категория
марсала,155,м,объщая категория
мартини,875,м,объщая категория
мартини красный,224,м,объщая категория
марципан,351,м,объщая категория
марципан зеленый,889,м,объщая категория
марципан розовый,21,м,объщая категория
маршмеллоу,801,м,объщая категория
маршмеллоу крем,184,м,объщая категория
маршмеллоу мини,641,м,объщая категория
маскарпоне,906,м,объщая категория
маслины,591,м,объщая категория
маслины без косточек,852,м,объщая категория
масло авокадо,133,м,объщая категория
масло виноградных косточек,983,м,объщая категория
масло грецкого ореха,991,м,объщая категория
масло для фритюра,456,м,объщая категория
масло кедрового ореха,109,м,объщая категория
маслята,983,м,объщая категория
мастика,418,м,объщая категория
мастика желатиновая,944,м,объщая категория
мастика шоколадная,796,м,объщая категория
матча,665,м,объщая категория
мафальдине,6,м,объщая категория
маца,1000,м,объщая категория
мацони,972,м,объщая категория
маш,61,м,объщая категория
мед,304,м,объщая категория
мед акации,484,м,объщая категория
мед гречишный,728,м,объщая категория
мед жидкий,455,м,объщая категория
мед лавандовый,805,м,объщая категория
мелисса,784,м,объщая категория
меренги,370,м,объщая категория
мидии,957,м,объщая категория
мидии в раковинах,777,м,объщая категория
мидии в раковинах крупные черные,735,м,объщая категория
мидии в раковинах мелкие зеленые,409,м,объщая категория
мидии замороженные,836,м,объщая категория
мидии копченые в масле,795,м,объщая категория
микрозелень,603,м,объщая категория
миндаль,82,м,объщая категория
миндаль жареный,933,м,объщая категория
миндаль измельченный,247,м,объщая категория
миндальная масса,293,м,объщая категория
миндальная мука,327,м,объщая категория
миндальная паста,674,м,объщая категория
миндальная эссенция,948,м,объщая категория
миндальное масло,853,м,объщая категория
миндальное молоко,712,м,объщая категория
миндальное печенье,285,м,объщая категория
миндальное пралине,776,м,объщая категория
миндальные лепестки,882,м,объщая категория
миндальный ликер,48,м,объщая категория
миндальный сироп,428,м,объщая категория
миндальный экстракт,574,м,объщая категория
миндаль очищенный,601,м,объщая категория
миндаль рубленый,456,м,объщая категория
мини-кукуруза,195,м,объщая категория
минога,959,м,объщая категория
минтай,883,м,объщая категория
минтай печень,254,м,объщая категория
минтай филе,645,м,объщая категория
мисо-паста,211,м,объщая категория
мисо-суп,40,м,объщая категория
можжевельник ягоды,494,м,объщая категория
мойва,217,м,объщая категория
моллюски,831,м,объщая категория
молоко,210,м,объщая категория
"молоко 0,5%",617,м,объщая категория
"молоко 1,5%",515,м,объщая категория
"молоко 2,5%",202,м,объщая категория
"молоко 3,2%",676,м,объщая категория
"молоко 3,6%",84,м,объщая категория
молоко 4%,583,м,объщая категория
молоко 6%,268,м,объщая категория
молоко козье,251,м,объщая категория
молоко концентрированное,842,м,объщая категория
молоко рисовое,465,м,объщая категория
молоко сгущенное,573,м,объщая категория
молоко сгущенное вареное,883,м,объщая категория
молоко сгущенное с какао,336,м,объщая категория
молоко сухое,280,м,объщая категория
молоко сухое обезжиренное,628,м,объщая категория
молоко топленое,995,м,объщая категория
молочная смесь,331,м,объщая категория
молочные продукты,953,м,объщая категория
морепродукты,111,м,объщая категория
морковное пюре,928,м,объщая категория
морковь,8,м,объщая категория
морковь вареная,626,м,объщая категория
морковь крупная,361,м,объщая категория
морковь молодая,465,м,объщая категория
морковь по-корейски,28,м,объщая категория
морковь тертая,781,м,объщая категория
мороженое,992,м,объщая категория
мороженое ванильное,577,м,объщая категория
мороженое клубничное,244,м,объщая категория
мороженое лимонное,905,м,объщая категория
мороженое малиновое,266,м,объщая категория
мороженое пломбир,198,м,объщая категория
мороженое шоколадное,468,м,объщая категория
морошка,844,м,объщая категория
морские гребешки,104,м,объщая категория
морской коктейль,569,м,объщая категория
морской коктейль в масле,766,м,объщая категория
морской коктейль замороженный,700,м,объщая категория
морской черт,464,м,объщая категория
морской язык,657,м,объщая категория
морской язык филе,123,м,объщая категория
мортаделла,121,м,объщая категория
моцарелла,590,м,объщая категория
моцарелла для запекания,426,м,объщая категория
моцарелла для пиццы,376,м,объщая категория
моцарелла мини,835,м,объщая категория
моцарелла с травами,118,м,объщая категория
моцарелла шарик большой,891,м,объщая категория
мука,280,м,объщая категория
мука 1 сорт,507,м,объщая категория
мука 2 сорт,103,м,объщая категория
мука «Аладушкин»,906,м,объщая категория
мука грубого помола,579,м,объщая категория
мука для темпуры,744,м,объщая категория
мука из пророщенной пшеницы,630,м,объщая категория
мука манитоба,216,м,объщая категория
мука самоподнимающаяся,482,м,объщая категория
мука с отрубями,754,м,объщая категория
мука с семечками,733,м,объщая категория
мука хлебопекарная,910,м,объщая категория
мука цельнозерновая,939,м,объщая категория
мускат белый,328,м,объщая категория
мускатное вино,14,м,объщая категория
мускатный орех,830,м,объщая категория
мускатный орех молотый,651,м,объщая категория
мюсли,828,м,объщая категория
мягкий творог,318,м,объщая категория
мясной бульон,735,м,объщая категория
мясной фарш,768,м,объщая категория
мясо,460,м,объщая категория
мясо дикого кабана,310,м,объщая категория
мясо криля,574,м,объщая категория
мясо на косточке,356,м,объщая категория
мята,630,м,объщая категория
мята сушеная,91,м,объщая категория
мятный сироп,294,м,объщая категория
мятный шнапс,559,м,объщая категория
нардек,834,н,объщая категория
нектарины,738,н,объщая категория
нога ягненка без кости,426,н,объщая категория
нори,151,н,объщая категория
нуга,531,н,объщая категория
нуга с орехами,271,н,объщая категория
нут,473,н,объщая категория
нутелла,489,н,объщая категория
нут консервированный,467,н,объщая категория
нутовая мука,169,н,объщая категория
облепиха,735,о,объщая категория
облепиха замороженная,330,о,объщая категория
облепиховый сироп,422,о,объщая категория
овощи,594,о,объщая категория
овощная смесь,771,о,объщая категория
овощная смесь замороженная,306,о,объщая категория
овощная смесь замороженная для wok,348,о,объщая категория
овощная смесь по-китайски,751,о,объщая категория
овощной бульон,346,о,объщая категория
овсяная мука,613,о,объщая категория
овсяное молоко,978,о,объщая категория
овсяное печенье,105,о,объщая категория
овсяное толокно,539,о,объщая категория
овсяные зерна,809,о,объщая категория
овсяные отруби,899,о,объщая категория
овсяные хлопья,342,о,объщая категория
овсяные хлопья быстрого приготовления,759,о,объщая категория
огуречный рассол,993,о,объщая категория
огурцы,938,о,объщая категория
огурцы консервированные,473,о,объщая категория
огурцы малосольные,24,о,объщая категория
огурцы маринованные,547,о,объщая категория
огурцы свежие,345,о,объщая категория
огурцы соленые,559,о,объщая категория
одуванчики,646,о,объщая категория
окорок,50,о,объщая категория
окорок варено-копченый,628,о,объщая категория
окунь,608,о,объщая категория
окунь красный филе,576,о,объщая категория
окунь морской,364,о,объщая категория
окунь морской филе,940,о,объщая категория
окунь филе,469,о,объщая категория
оленина,821,о,объщая категория
оливки,934,о,объщая категория
оливки без косточек,353,о,объщая категория
оливки зеленые,489,о,объщая категория
оливки зеленые консервированные,433,о,объщая категория
оливки каламата,571,о,объщая категория
оливки консервированные,882,о,объщая категория
"оливки, фаршированные анчоусами",109,о,объщая категория
оливки черные,506,о,объщая категория
оливковая паста,17,о,объщая категория
оливковое масло,854,о,объщая категория
оливковое масло Extra Virgin,97,о,объщая категория
опунция плоды,25,о,объщая категория
опята,647,о,объщая категория
опята замороженные,625,о,объщая категория
опята маринованные,883,о,объщая категория
орегано,43,о,объщая категория
орегано свежий,973,о,объщая категория
орегано сушеный,366,о,объщая категория
орехи,798,о,объщая категория
орехи бразильские,94,о,объщая категория
орехи макадамия,198,о,объщая категория
орехи пекан,370,о,объщая категория
орехи пекан засахаренные,1,о,объщая категория
орехи пинии,853,о,объщая категория
ореховая крошка,11,о,объщая категория
ореховая паста,41,о,объщая категория
ореховое масло,444,о,объщая категория
ореховый ликер,692,о,объщая категория
ореховый соус,113,о,объщая категория
осетр,220,о,объщая категория
осетрина холодного копчения,160,о,объщая категория
осьминог,166,о,объщая категория
осьминоги консервированные,871,о,объщая категория
осьминоги мини,290,о,объщая категория
отруби,164,о,объщая категория
ошеек,938,о,объщая категория
пагр,588,п,объщая категория
пажитник,964,п,объщая категория
пажитник семена,575,п,объщая категория
палтус,212,п,объщая категория
пальмовое масло,413,п,объщая категория
пангасиус,265,п,объщая категория
панеттоне,42,п,объщая категория
Панифарин,384,п,объщая категория
панчетта,839,п,объщая категория
папайя,778,п,объщая категория
папайя консервированная в собственном соку,967,п,объщая категория
папоротник,495,п,объщая категория
папоротник соленый,264,п,объщая категория
паппарделле,85,п,объщая категория
паприка,72,п,объщая категория
паприка копченая,390,п,объщая категория
паприка красная,881,п,объщая категория
паприка красная молотая,803,п,объщая категория
паприка острая копченая,312,п,объщая категория
паприка сладкая,151,п,объщая категория
паприка сладкая копченая,422,п,объщая категория
паприка сладкая хлопьями,642,п,объщая категория
пармезан,732,п,объщая категория
паста,53,п,объщая категория
паста веджимайт,278,п,объщая категория
паста тахини,871,п,объщая категория
паста хариса,182,п,объщая категория
пастернак,664,п,объщая категория
пастила,161,п,объщая категория
пастила виноградная,71,п,объщая категория
патиссоны,352,п,объщая категория
патока,132,п,объщая категория
патока крахмальная,358,п,объщая категория
патока черная (меласса),714,п,объщая категория
пахта,726,п,объщая категория
паштет,803,п,объщая категория
пекарский порошок,294,п,объщая категория
пекарский порошок,542,п,объщая категория
пекорино,1000,п,объщая категория
пектин,331,п,объщая категория
пеленгас,765,п,объщая категория
пельмени,859,п,объщая категория
пенне,719,п,объщая категория
пенне ригате,322,п,объщая категория
пеперончино,222,п,объщая категория
пеперончино молотый,680,п,объщая категория
переводной лист для шоколада,929,п,объщая категория
перепелки,538,п,объщая категория
перец,418,п,объщая категория
перец белый,252,п,объщая категория
перец белый горошком,423,п,объщая категория
перец белый молотый,187,п,объщая категория
перец белый свежемолотый,790,п,объщая категория
перец болгарский,174,п,объщая категория
перец болгарский желтый,613,п,объщая категория
перец болгарский зеленый,272,п,объщая категория
перец болгарский красный,55,п,объщая категория
перец горошком,417,п,объщая категория
перец горошком смесь,491,п,объщая категория
перец душистый,317,п,объщая категория
перец душистый горошком,238,п,объщая категория
перец душистый молотый,226,п,объщая категория
перец испанский острый,13,п,объщая категория
перец кайенский,728,п,объщая категория
перец кайенский красный,791,п,объщая категория
перец кайенский молотый,551,п,объщая категория
перец красный,649,п,объщая категория
перец красный горошком,954,п,объщая категория
перец красный жгучий,317,п,объщая категория
перец красный молотый,715,п,объщая категория
перец красный острый,486,п,объщая категория
перец красный острый молотый,887,п,объщая категория
перец красный хлопьями,668,п,объщая категория
перец лимонный,770,п,объщая категория
перец маринованный,851,п,объщая категория
перец острый,195,п,объщая категория
перец острый зеленый,917,п,объщая категория
перец острый молотый,777,п,объщая категория
перец падрон,479,п,объщая категория
перец пеперони,230,п,объщая категория
перец пеперони красный,474,п,объщая категория
перец розовый горошком,873,п,объщая категория
перец свежемолотый смесь,443,п,объщая категория
перец сенегальский,337,п,объщая категория
перец сладкий,692,п,объщая категория
перец сладкий желтый,543,п,объщая категория
перец сладкий зеленый,584,п,объщая категория
перец сладкий красный,114,п,объщая категория
перец сладкий красный маринованный,65,п,объщая категория
перец сладкий красный молотый,229,п,объщая категория
перец сладкий оранжевый,643,п,объщая категория
перец сладкий сушеный,366,п,объщая категория
перец сычуаньский,10,п,объщая категория
перец халапеньо,908,п,объщая категория
перец халапеньо маринованный,92,п,объщая категория
перец черный,366,п,объщая категория
перец черный горошком,74,п,объщая категория
перец черный молотый,684,п,объщая категория
перец черный свежемолотый,561,п,объщая категория
перец чили,528,п,объщая категория
перец чили зеленый,272,п,объщая категория
перец чили красный,633,п,объщая категория
перец чили маринованный,177,п,объщая категория
перец чили молотый,404,п,объщая категория
перец чили сухой,193,п,объщая категория
перец чили хлопьями,534,п,объщая категория
перец ямайский,352,п,объщая категория
перловая крупа,561,п,объщая категория
перловая мука,490,п,объщая категория
персики,960,п,объщая категория
персики консервированные,431,п,объщая категория
персики сушеные,147,п,объщая категория
персиковое пюре,46,п,объщая категория
персиковый джем,579,п,объщая категория
персиковый мармелад,78,п,объщая категория
персиковый сироп,953,п,объщая категория
персиковый сок,438,п,объщая категория
перцовая паста,1,п,объщая категория
петрушка,232,п,объщая категория
петрушка зелень,61,п,объщая категория
петрушка итальянская,491,п,объщая категория
петрушка корень,178,п,объщая категория
петрушка рубленая,96,п,объщая категория
петрушка сушеная,69,п,объщая категория
печень,659,п,объщая категория
печенье,254,п,объщая категория
печенье Oreo,556,п,объщая категория
печенье Амаретти,443,п,объщая категория
печенье бисквитное,400,п,объщая категория
печенье галетное,182,п,объщая категория
печенье «Дамские пальчики»,908,п,объщая категория
печенье песочное,579,п,объщая категория
печенье рассыпчатое,502,п,объщая категория
печенье Савоярди,713,п,объщая категория
печенье сахарное,645,п,объщая категория
печенье сладкое,21,п,объщая категория
печенье сухое,386,п,объщая категория
печенье шоколадное,590,п,объщая категория
печенье Юбилейное молочное,529,п,объщая категория
пиво,591,п,объщая категория
пиво имбирное,194,п,объщая категория
пиво нефильтрованное,54,п,объщая категория
пиво светлое,549,п,объщая категория
пиво темное,236,п,объщая категория
пикша,616,п,объщая категория
питы,349,п,объщая категория
повидло,779,п,объщая категория
подсолнечное масло,603,п,объщая категория
подсолнечные семечки,6,п,объщая категория
полба,898,п,объщая категория
полба недозрелая,16,п,объщая категория
полента,328,п,объщая категория
полента быстрого приготовления,931,п,объщая категория
помело,757,п,объщая категория
помидоры,945,п,объщая категория
помидоры бурые,679,п,объщая категория
помидоры вяленые,718,п,объщая категория
помидоры вяленые в масле,854,п,объщая категория
помидоры желтые,476,п,объщая категория
помидоры зеленые,89,п,объщая категория
помидоры консервированные,990,п,объщая категория
помидоры консервированные в собственном соку,659,п,объщая категория
помидоры консервированные в собственном соку с базиликом,991,п,объщая категория
помидоры протертые пассата,463,п,объщая категория
помидоры соленые,849,п,объщая категория
помидоры сушеные хлопьями,252,п,объщая категория
помидоры черри,328,п,объщая категория
помидоры черри желтые,932,п,объщая категория
попкорн,360,п,объщая категория
поросенок,977,п,объщая категория
портвейн,859,п,объщая категория
портобелло,681,п,объщая категория
портулак,412,п,объщая категория
посыпка кондитерская,983,п,объщая категория
почки,174,п,объщая категория
приправа 4 перца,357,п,объщая категория
приправа 5 специй (five spice),287,п,объщая категория
приправа для баранины,1,п,объщая категория
приправа для картофеля,907,п,объщая категория
приправа для курицы,470,п,объщая категория
приправа для макарон,298,п,объщая категория
приправа для маринования свинины,454,п,объщая категория
приправа для морепродуктов,396,п,объщая категория
приправа для мяса,976,п,объщая категория
приправа для паэльи,755,п,объщая категория
приправа для пиццы,535,п,объщая категория
приправа для плова,555,п,объщая категория
приправа для птицы,681,п,объщая категория
приправа для рыбы,929,п,объщая категория
приправа для салатов,987,п,объщая категория
приправа заатар,802,п,объщая категория
приправа креольская,277,п,объщая категория
приправа с сушеными грибами,414,п,объщая категория
приправы,222,п,объщая категория
прованские травы,150,п,объщая категория
проволоне,431,п,объщая категория
просекко,167,п,объщая категория
простокваша,214,п,объщая категория
протеин сывороточный,644,п,объщая категория
прошутто,919,п,объщая категория
пряники,399,п,объщая категория
пряничные специи,295,п,объщая категория
пряности,873,п,объщая категория
псиллиум,971,п,объщая категория
птитим,360,п,объщая категория
пудинг,917,п,объщая категория
пудинг ванильный,26,п,объщая категория
пудинг ванильный инстант,256,п,объщая категория
пудинг карамельный,182,п,объщая категория
пшеница,581,п,объщая категория
пшеничная крупа,243,п,объщая категория
пшеничная мука,285,п,объщая категория
пшеничная мука цельнозерновая,413,п,объщая категория
пшеничные зародыши,197,п,объщая категория
пшеничные отруби,314,п,объщая категория
пшеничные ростки,423,п,объщая категория
пшеничные хлопья,422,п,объщая категория
пшенные хлопья,450,п,объщая категория
пшено,513,п,объщая категория
пыльца цветочная,781,п,объщая категория
пюре,113,п,объщая категория
радиккио,39,р,объщая категория
разрыхлитель,24,р,объщая категория
раки,617,р,объщая категория
раковые шейки,685,р,объщая категория
раковые шейки в рассоле,481,р,объщая категория
рамбутан,306,р,объщая категория
рапаны,79,р,объщая категория
рапсовое масло,773,р,объщая категория
рассол,887,р,объщая категория
рассол от каперсов,171,р,объщая категория
рассол от оливок,817,р,объщая категория
растительное масло,382,р,объщая категория
растительное масло для жарки,814,р,объщая категория
растительное масло нерафинированное,540,р,объщая категория
растительное масло рафинированное,372,р,объщая категория
растительное молоко,69,р,объщая категория
ревень,378,р,объщая категория
реган,191,р,объщая категория
редис,271,р,объщая категория
редька,485,р,объщая категория
редька белая,579,р,объщая категория
редька зеленая,703,р,объщая категория
редька черная,446,р,объщая категория
репа,9,р,объщая категория
репа белая,158,р,объщая категория
ржаная закваска,885,р,объщая категория
ржаная закваска густая,672,р,объщая категория
ржаная мука,799,р,объщая категория
ржаные отруби,535,р,объщая категория
ригатони,280,р,объщая категория
рикотта,959,р,объщая категория
рикотта твердая,221,р,объщая категория
рис,442,р,объщая категория
рис арборио,953,р,объщая категория
рис басмати,858,р,объщая категория
рис бурый,982,р,объщая категория
рис бурый и дикий смесь,498,р,объщая категория
рис вареный,308,р,объщая категория
рис виола,361,р,объщая категория
рис девзира,228,р,объщая категория
рис дикий,209,р,объщая категория
рис дикий и золотистый смесь,488,р,объщая категория
рис длиннозерный,534,р,объщая категория
рис длиннозерный золотистый,844,р,объщая категория
рис для плова,331,р,объщая категория
рис для пудинга,676,р,объщая категория
рис для ризотто,293,р,объщая категория
рис для суши,335,р,объщая категория
рис жасминовый,505,р,объщая категория
рис золотистый,550,р,объщая категория
рис индика,545,р,объщая категория
рис италика,249,р,объщая категория
рис карнароли,465,р,объщая категория
рис красный,640,р,объщая категория
рис круглозерный,736,р,объщая категория
рис кубанский,462,р,объщая категория
рисовая бумага,416,р,объщая категория
рисовая лапша,185,р,объщая категория
рисовая мука,730,р,объщая категория
рисовое вино,169,р,объщая категория
рисовые хлопья,553,р,объщая категория
рисовые шарики воздушные,652,р,объщая категория
рисовый крахмал,799,р,объщая категория
рисовый уксус,588,р,объщая категория
рис пропаренный,91,р,объщая категория
рис пропаренный и дикий смесь,507,р,объщая категория
рис японика,284,р,объщая категория
рожь,187,р,объщая категория
розмарин,367,р,объщая категория
розмарин сушеный,37,р,объщая категория
розовая вода,162,р,объщая категория
розовые бутоны сушеные,217,р,объщая категория
розовые лепестки,145,р,объщая категория
розы,589,р,объщая категория
рокфор,219,р,объщая категория
ром,183,р,объщая категория
ромашка сушеная,839,р,объщая категория
ромовый экстракт,990,р,объщая категория
ром темный,259,р,объщая категория
ростбиф,866,р,объщая категория
рукола,357,р,объщая категория
рулька,829,р,объщая категория
рыба,514,р,объщая категория
рыба белая,563,р,объщая категория
рыба белая филе,981,р,объщая категория
рыба консервированная,732,р,объщая категория
рыба копченая,426,р,объщая категория
рыба копченая филе,280,р,объщая категория
рыба красная,566,р,объщая категория
рыба красная соленая,775,р,объщая категория
рыба красная филе,58,р,объщая категория
рыба-меч,505,р,объщая категория
рыба морская,273,р,объщая категория
рыба солнечник филе,35,р,объщая категория
рыба-соль,610,р,объщая категория
рыбное филе,346,р,объщая категория
рыбные консервы,204,р,объщая категория
рыбные кости,543,р,объщая категория
"рыбные обрезки, головы, плавники",990,р,объщая категория
рыбный бульон,628,р,объщая категория
рыбный соус,125,р,объщая категория
рыбный соус Nam Pla,21,р,объщая категория
рыбный соус тайский,949,р,объщая категория
рыбный фарш,782,р,объщая категория
рябина черноплодная,356,р,объщая категория
рябчик,997,р,объщая категория
ряженка,380,р,объщая категория
ряженка 4%,123,р,объщая категория
сайда,350,с,объщая категория
сайда филе,800,с,объщая категория
сайра,155,с,объщая категория
сайра консервированная,308,с,объщая категория
саке,72,с,объщая категория
салака,213,с,объщая категория
салат,900,с,объщая категория
салат айсберг,629,с,объщая категория
салат китайский,933,с,объщая категория
салат корн,73,с,объщая категория
салат кочанный,816,с,объщая категория
салат кучерявый,358,с,объщая категория
салат листовой,619,с,объщая категория
салатный микс,970,с,объщая категория
салат романо,280,с,объщая категория
салат фриссе,447,с,объщая категория
сало,725,с,объщая категория
сало копченое в перце,593,с,объщая категория
сало копченое с мясными прослойками,388,с,объщая категория
сало с мясными прослойками,20,с,объщая категория
сальник,222,с,объщая категория
сальса,274,с,объщая категория
сальса верде,100,с,объщая категория
салями,500,с,объщая категория
салями итальянская,856,с,объщая категория
сардельки,887,с,объщая категория
сардельки копченые,465,с,объщая категория
сардинки маленькие,274,с,объщая категория
сардины,120,с,объщая категория
сардины в масле,725,с,объщая категория
сахар,235,с,объщая категория
сахар ванильный,426,с,объщая категория
сахар демерара,727,с,объщая категория
сахар жемчужный,802,с,объщая категория
сахар коричневый,700,с,объщая категория
сахар коричневый крупнокристаллический,594,с,объщая категория
сахар мусковадо,929,с,объщая категория
сахарная пудра,982,с,объщая категория
сахарная пудра апельсиновая,880,с,объщая категория
сахарная пудра ванильная,176,с,объщая категория
сахарные жемчужинки,221,с,объщая категория
сахарные кондитерские украшения,182,с,объщая категория
сахарный песок,65,с,объщая категория
сахарный песок крупный,367,с,объщая категория
сахарный песок мелкий,644,с,объщая категория
сахарный сироп,815,с,объщая категория
сахар пальмовый,670,с,объщая категория
сахар-рафинад,908,с,объщая категория
сахар-рафинад с корицей,649,с,объщая категория
сахар тростниковый,767,с,объщая категория
сванская соль,193,с,объщая категория
свекла,678,с,объщая категория
свекла вареная,50,с,объщая категория
свекольная ботва,821,с,объщая категория
свекольные листья,484,с,объщая категория
свиная вырезка,583,с,объщая категория
свиная голова,19,с,объщая категория
свиная грудинка,404,с,объщая категория
свиная корейка,520,с,объщая категория
свиная корейка копченая,617,с,объщая категория
свиная корейка на кости,39,с,объщая категория
свиная лопатка варено-копченая,140,с,объщая категория
свиная мякоть,982,с,объщая категория
свиная пашина,89,с,объщая категория
свиная печень,707,с,объщая категория
свиная рулька,576,с,объщая категория
свиная рулька варено-копченая,389,с,объщая категория
свиная рулька копченая,996,с,объщая категория
свиная шейка,54,с,объщая категория
свинина,899,с,объщая категория
свинина вареная,788,с,объщая категория
свинина нежирная,634,с,объщая категория
свинина с жирком,998,с,объщая категория
свиное сердце,22,с,объщая категория
свиное филе,730,с,объщая категория
свиной подчеревок,389,с,объщая категория
свиной фарш,870,с,объщая категория
свиной язык,776,с,объщая категория
свиные котлеты на косточке,905,с,объщая категория
свиные легкие,107,с,объщая категория
свиные ножки,851,с,объщая категория
свиные отбивные,66,с,объщая категория
свиные отбивные на косточке,575,с,объщая категория
свиные ребра,684,с,объщая категория
свиные уши,366,с,объщая категория
свиные щечки,130,с,объщая категория
свити,626,с,объщая категория
сельдерей,267,с,объщая категория
сельдерей зелень,538,с,объщая категория
сельдерей корень,650,с,объщая категория
сельдерей корень сушеный,521,с,объщая категория
сельдерейная соль,169,с,объщая категория
сельдерей семена,96,с,объщая категория
сельдерей стебли,398,с,объщая категория
сельдь,596,с,объщая категория
сельдь слабосоленая,38,с,объщая категория
сельдь соленая,491,с,объщая категория
сельдь филе,59,с,объщая категория
семга,490,с,объщая категория
семга копченая,66,с,объщая категория
семга свежая,800,с,объщая категория
семга соленая,238,с,объщая категория
семга филе на коже,434,с,объщая категория
семечки,511,с,объщая категория
семечки смесь,729,с,объщая категория
семолина,410,с,объщая категория
сервелат варено-копченый,732,с,объщая категория
сибас,935,с,объщая категория
сидр,942,с,объщая категория
сироп,983,с,объщая категория
сироп от консервированных груш,794,с,объщая категория
сироп от консервированных персиков,219,с,объщая категория
сироп топинамбура,764,с,объщая категория
скумбрия,204,с,объщая категория
скумбрия свежая,953,с,объщая категория
скумбрия филе,58,с,объщая категория
скумбрия холодного копчения,692,с,объщая категория
сливки,459,с,объщая категория
сливки 10-20%,13,с,объщая категория
сливки 15%,647,с,объщая категория
сливки 20%,659,с,объщая категория
сливки 33-35%,540,с,объщая категория
сливки жирные,279,с,объщая категория
сливки кондитерские,474,с,объщая категория
сливовая паста,947,с,объщая категория
сливовое варенье,342,с,объщая категория
сливовое вино,219,с,объщая категория
сливовый джем,821,с,объщая категория
сливовый ликер,59,с,объщая категория
сливовый соус,304,с,объщая категория
сливочное масло,701,с,объщая категория
сливы,580,с,объщая категория
сливы замороженные,571,с,объщая категория
смалец,762,с,объщая категория
смесь для кекса,999,с,объщая категория
смесь для оладий,954,с,объщая категория
смесь для хлеба 8 злаков,595,с,объщая категория
сметана,756,с,объщая категория
сметана 10%,249,с,объщая категория
сметана 15%,324,с,объщая категория
сметана 18%,745,с,объщая категория
сметана 20%,179,с,объщая категория
сметана 25%,105,с,объщая категория
сметана 30%,617,с,объщая категория
сметана 35%,358,с,объщая категория
сметана жирная,773,с,объщая категория
сметана нежирная,80,с,объщая категория
сметана некислая,662,с,объщая категория
смородина сушеная,235,с,объщая категория
смородиновые листья,734,с,объщая категория
сморчки сухие,491,с,объщая категория
снежок,941,с,объщая категория
сныть,973,с,объщая категория
сода,760,с,объщая категория
соевая мука,168,с,объщая категория
соевое масло,423,с,объщая категория
соевое молоко,224,с,объщая категория
соевые ростки,33,с,объщая категория
соевый соус,533,с,объщая категория
сок,961,с,объщая категория
сок из красных апельсинов,343,с,объщая категория
сок мультивитаминный,749,с,объщая категория
сок юзу,720,с,объщая категория
солод,692,с,объщая категория
солод жидкий,740,с,объщая категория
солодовый экстракт,509,с,объщая категория
солод темный,433,с,объщая категория
соломка,981,с,объщая категория
соль,505,с,объщая категория
соль гималайская,153,с,объщая категория
соль крупного помола,144,с,объщая категория
соль морская,562,с,объщая категория
сом филе,379,с,объщая категория
сосиски,71,с,объщая категория
сосиски из куриного фарша,621,с,объщая категория
сосиски копченые,781,с,объщая категория
соус,728,с,объщая категория
соус black bean,193,с,объщая категория
соус sambal oelek,151,с,объщая категория
соус барбекю,372,с,объщая категория
соус краснодарский,823,с,объщая категория
соус красный острый,666,с,объщая категория
соус мирин,817,с,объщая категория
соус наршараб,459,с,объщая категория
соус острый,406,с,объщая категория
соус песто,127,с,объщая категория
соус сацебели,301,с,объщая категория
соус табаско,826,с,объщая категория
соус терияки,587,с,объщая категория
соус ткемали,283,с,объщая категория
соус ткемали благородный,465,с,объщая категория
соус ткемали ранний,498,с,объщая категория
соус устричный,533,с,объщая категория
соус чили,15,с,объщая категория
соус чили сладкий,164,с,объщая категория
соус экзотический,823,с,объщая категория
соя,534,с,объщая категория
спагетти,262,с,объщая категория
спагетти № 3,373,с,объщая категория
спагетти № 5,410,с,объщая категория
спагетти лунги,529,с,объщая категория
спаржа,614,с,объщая категория
спаржа белая,396,с,объщая категория
спаржа зеленая,684,с,объщая категория
спаржа молодая,566,с,объщая категория
спек,375,с,объщая категория
спельта,371,с,объщая категория
спельтовая (полбяная) мука,857,с,объщая категория
специи,893,с,объщая категория
спирт,128,с,объщая категория
спирулина порошок,632,с,объщая категория
спред,536,с,объщая категория
ставрида,641,с,объщая категория
стейк семги,526,с,объщая категория
стейк семги,404,с,объщая категория
стеклянная лапша,446,с,объщая категория
страчателла,788,с,объщая категория
судак,31,с,объщая категория
судак филе,846,с,объщая категория
судак филе на коже,76,с,объщая категория
сулугуни,670,с,объщая категория
сулугуни копченый,741,с,объщая категория
сумах,827,с,объщая категория
суповой набор,823,с,объщая категория
сухари,566,с,объщая категория
сухари белые,351,с,объщая категория
сухари молотые,973,с,объщая категория
сухари панировочные,913,с,объщая категория
сухари ржаные,370,с,объщая категория
сухарная крошка,347,с,объщая категория
сухофрукты,437,с,объщая категория
сухофрукты тропические,758,с,объщая категория
сушки,829,с,объщая категория
сыворотка,450,с,объщая категория
сыр,717,с,объщая категория
сыр tete de moine,935,с,объщая категория
сыр Австрия блю,45,с,объщая категория
сыр адыгейский,857,с,объщая категория
сыр бри,463,с,объщая категория
сыр буко,146,с,объщая категория
сыр гауда,569,с,объщая категория
сыр гойя,159,с,объщая категория
сыр голландский,377,с,объщая категория
сыр голубой,771,с,объщая категория
сыр гравьера,143,с,объщая категория
сыр джугас,571,с,объщая категория
сыр домашний,312,с,объщая категория
сыр дорблю,103,с,объщая категория
сыр имеретинский,465,с,объщая категория
сыр кефалотири,766,с,объщая категория
сырки творожные,791,с,объщая категория
сыр козий мягкий,43,с,объщая категория
сыр козий твердый,76,с,объщая категория
сыр колбасный,170,с,объщая категория
сыр копченый,932,с,объщая категория
сыр коттедж,537,с,объщая категория
сыр Маскарпоне,140,с,объщая категория
сыр мраморный,914,с,объщая категория
сыр мягкий,855,с,объщая категория
сыр овечий,429,с,объщая категория
сыр панир,113,с,объщая категория
сыр пеше миньон,504,с,объщая категория
сыр плавленый,683,с,объщая категория
сыр плавленый шоколадный,355,с,объщая категория
сыр пластинками,599,с,объщая категория
сыр полутвердый,608,с,объщая категория
сыр провола,344,с,объщая категория
сыр российский,488,с,объщая категория
сыр скаморца,683,с,объщая категория
сыр скаморца копченый,473,с,объщая категория
сыр сливочный,351,с,объщая категория
сыр с плесенью,333,с,объщая категория
сыр с плесенью мягкий,444,с,объщая категория
сыр твердый,872,с,объщая категория
сыр филадельфия,14,с,объщая категория
сыр фонтина,732,с,объщая категория
сыр хаварти,294,с,объщая категория
сыр швейцарский,220,с,объщая категория
сычужный фермент,170,с,объщая категория
таледжо,226,т,объщая категория
тальолини,653,т,объщая категория
тальятелле,446,т,объщая категория
тальятелле-гнезда,138,т,объщая категория
тамаринд,976,т,объщая категория
тамариндовая паста,789,т,объщая категория
тапиока,427,т,объщая категория
тарталетки,695,т,объщая категория
тартар,799,т,объщая категория
тархун,770,т,объщая категория
творог,765,т,объщая категория
творог 18%,582,т,объщая категория
творог 2%,395,т,объщая категория
творог 5%,960,т,объщая категория
творог 9%,106,т,объщая категория
творог жирный,254,т,объщая категория
творог зерненый,364,т,объщая категория
творог обезжиренный,861,т,объщая категория
творожная масса,839,т,объщая категория
творожная паста,638,т,объщая категория
творожный сыр,933,т,объщая категория
творожный сыр соленый,127,т,объщая категория
творожок клубничный,620,т,объщая категория
текила,849,т,объщая категория
телятина,488,т,объщая категория
телятина вареная,873,т,объщая категория
телячий фарш,194,т,объщая категория
телячьи отбивные на косточке,372,т,объщая категория
телячьи шницели,251,т,объщая категория
телячьи эскалопы,108,т,объщая категория
телячья вырезка,570,т,объщая категория
телячья печень,881,т,объщая категория
телячья щека,595,т,объщая категория
тесто бездрожжевое,947,т,объщая категория
тесто готовое,511,т,объщая категория
тесто для вонтонов,950,т,объщая категория
тесто для пиццы,323,т,объщая категория
тесто дрожжевое,602,т,объщая категория
тесто катаифи,151,т,объщая категория
тесто макаронное,833,т,объщая категория
тесто макаронное для лазаньи,917,т,объщая категория
тесто пельменное,274,т,объщая категория
тесто песочное,291,т,объщая категория
тесто пресное,690,т,объщая категория
тесто пряничное,579,т,объщая категория
тесто слоеное,510,т,объщая категория
тесто слоеное бездрожжевое,362,т,объщая категория
тесто слоеное дрожжевое,22,т,объщая категория
тесто фило,669,т,объщая категория
тилапия,957,т,объщая категория
тилапия филе,511,т,объщая категория
тильзитер,804,т,объщая категория
тимьян,226,т,объщая категория
тимьян лимонный,595,т,объщая категория
тимьян свежий,569,т,объщая категория
тимьян сушеный,534,т,объщая категория
ткемали,739,т,объщая категория
тмин,22,т,объщая категория
тмин молотый,621,т,объщая категория
томатная паста,22,т,объщая категория
томатное пюре,451,т,объщая категория
томатный концентрат,41,т,объщая категория
томатный порошок,252,т,объщая категория
томатный сок,368,т,объщая категория
томатный соус,796,т,объщая категория
томатный соус итальянский,595,т,объщая категория
томатный соус острый,841,т,объщая категория
томатный соус с базиликом,786,т,объщая категория
тоник,68,т,объщая категория
топинамбур,372,т,объщая категория
топленое масло,275,т,объщая категория
тортильи,533,т,объщая категория
тортильони,337,т,объщая категория
тофу,1,т,объщая категория
травы ароматные,825,т,объщая категория
травы пряные с перцем,444,т,объщая категория
травы сухие,174,т,объщая категория
треска,572,т,объщая категория
треска печень,474,т,объщая категория
треска филе,217,т,объщая категория
трюфель,605,т,объщая категория
трюфельная крошка,767,т,объщая категория
трюфельное масло,205,т,объщая категория
трюфель черный,797,т,объщая категория
тунец,720,т,объщая категория
тунец консервированный,79,т,объщая категория
тунец филе,17,т,объщая категория
тушенка,479,т,объщая категория
тыква,522,т,объщая категория
тыквенное масло,476,т,объщая категория
тыквенное пюре,221,т,объщая категория
тыквенные семечки,603,т,объщая категория
тюлька свежая,101,т,объщая категория
угорь,516,у,объщая категория
угорь копченый,819,у,объщая категория
угурт,598,у,объщая категория
укроп,618,у,объщая категория
укропное семя,853,у,объщая категория
укроп свежий,850,у,объщая категория
укроп сушеный,55,у,объщая категория
уксус,400,у,объщая категория
уксус 9%,442,у,объщая категория
уксус из сидра,492,у,объщая категория
уксусная эссенция,686,у,объщая категория
уксус столовый,814,у,объщая категория
улитки,420,у,объщая категория
улитки виноградные,774,у,объщая категория
урюк,305,у,объщая категория
устрицы,447,у,объщая категория
утиная грудка,559,у,объщая категория
утиная печень,85,у,объщая категория
утиное филе,330,у,объщая категория
утиные бедрышки,345,у,объщая категория
утиные ножки,413,у,объщая категория
утка,608,у,объщая категория
утка печеная,72,у,объщая категория
утка тушка,38,у,объщая категория
уцхо-сунели,713,у,объщая категория
фазан,958,ф,объщая категория
фарш (баранина и говядина),238,ф,объщая категория
фарш (свинина и курица),515,ф,объщая категория
фасоль,337,ф,объщая категория
фасоль белая,512,ф,объщая категория
фасоль белая консервированная,530,ф,объщая категория
фасоль белая лима,126,ф,объщая категория
фасоль зеленая стручковая,273,ф,объщая категория
фасоль кенийская,144,ф,объщая категория
фасоль кидни красная,649,ф,объщая категория
фасоль консервированная,911,ф,объщая категория
фасоль красная,129,ф,объщая категория
фасоль красная вареная,112,ф,объщая категория
фасоль красная консервированная,978,ф,объщая категория
фасоль молодая замороженная,728,ф,объщая категория
фасоль пинто,687,ф,объщая категория
фасоль спаржевая вареная,314,ф,объщая категория
фасоль стручковая,65,ф,объщая категория
фасоль стручковая замороженная,211,ф,объщая категория
фасоль стручковая консервированная,55,ф,объщая категория
фасоль черный глаз,601,ф,объщая категория
фейхоа,883,ф,объщая категория
фенхель,380,ф,объщая категория
фенхель семена,290,ф,объщая категория
фенхель семена молотые,383,ф,объщая категория
фестонате,626,ф,объщая категория
фета,182,ф,объщая категория
фетаки,838,ф,объщая категория
фетакса,429,ф,объщая категория
феттучине,284,ф,объщая категория
фиалки засахаренные,300,ф,объщая категория
фиалковый сироп,613,ф,объщая категория
физалис,758,ф,объщая категория
филе красного окуня,930,ф,объщая категория
филе лосося,106,ф,объщая категория
филе палтуса,821,ф,объщая категория
финики,984,ф,объщая категория
финики без косточек,822,ф,объщая категория
финики иранские,781,ф,объщая категория
финики иранские без косточек,108,ф,объщая категория
фисташки,241,ф,объщая категория
фисташки очищенные,692,ф,объщая категория
фисташки очищенные несоленые,57,ф,объщая категория
фисташки рубленые,194,ф,объщая категория
фисташковая мука,762,ф,объщая категория
фисташковая паста,680,ф,объщая категория
фисташковое масло,90,ф,объщая категория
фокачча,150,ф,объщая категория
форель,292,ф,объщая категория
форель вареная,806,ф,объщая категория
форель горячего копчения,954,ф,объщая категория
форель озерная свежая,808,ф,объщая категория
форель слабосоленая,229,ф,объщая категория
форель слабосоленая,634,ф,объщая категория
форель стейки,443,ф,объщая категория
форель филе,812,ф,объщая категория
форель холодного копчения,162,ф,объщая категория
фрикадельки,578,ф,объщая категория
фрукт дракона,766,ф,объщая категория
фруктовый сироп,95,ф,объщая категория
фруктовый сок,167,ф,объщая категория
фруктовый сок без сахара,686,ф,объщая категория
фруктоза,924,ф,объщая категория
фрукты,750,ф,объщая категория
фрукты консервированные,492,ф,объщая категория
фундук,66,ф,объщая категория
фундучная мука,7,ф,объщая категория
фунчоза,858,ф,объщая категория
халва,805,х,объщая категория
халва ванильная,150,х,объщая категория
халва подсолнечная,878,х,объщая категория
халуми,692,х,объщая категория
хамон,344,х,объщая категория
хек,372,х,объщая категория
хек филе,503,х,объщая категория
херес,465,х,объщая категория
хересный уксус,706,х,объщая категория
хлеб,683,х,объщая категория
хлеб 7 злаков,93,х,объщая категория
хлеб белый,558,х,объщая категория
хлеб белый сухой,877,х,объщая категория
хлеб бородинский,962,х,объщая категория
хлеб датский ржаной,363,х,объщая категория
хлеб для сэндвичей,572,х,объщая категория
хлебная крошка,416,х,объщая категория
хлеб ржаной,62,х,объщая категория
хлеб серый,661,х,объщая категория
хлеб с кунжутом,206,х,объщая категория
хлеб цельнозерновой,169,х,объщая категория
хлебцы пшенично-ржаные цельнозерновые,113,х,объщая категория
хлопья 4 злака,646,х,объщая категория
хлопья 5 злаков,886,х,объщая категория
хлопья 7 злаков,604,х,объщая категория
хлопья быстрого приготовления,548,х,объщая категория
хлорид кальция,54,х,объщая категория
хмели-сунели,460,х,объщая категория
хмель,339,х,объщая категория
хрен,28,х,объщая категория
хрен протертый,542,х,объщая категория
хрен со сливками,464,х,объщая категория
хурма,684,х,объщая категория
хурма спелая,268,х,объщая категория
цесарка тушка,899,ц,объщая категория
цикорий,669,ц,объщая категория
цитроновые цукаты,811,ц,объщая категория
цитрусовые цукаты,625,ц,объщая категория
цитрусовый свежевыжатый сок,752,ц,объщая категория
цукаты,291,ц,объщая категория
цукини,209,ц,объщая категория
цукини цветы,828,ц,объщая категория
цыплята,529,ц,объщая категория
цыплята-корнишоны,647,ц,объщая категория
чабер,780,ч,объщая категория
чабрец,738,ч,объщая категория
чабрец сушеный,872,ч,объщая категория
чай дарджилинг,537,ч,объщая категория
чай жасминовый,384,ч,объщая категория
чай зеленый,215,ч,объщая категория
чай копченый лапсанг сушонг,360,ч,объщая категория
чай красный,667,ч,объщая категория
чай ройбуш,238,ч,объщая категория
чай черный,877,ч,объщая категория
чай черный крупнолистовой,170,ч,объщая категория
чай черный со специями,276,ч,объщая категория
чай эрл грей,92,ч,объщая категория
чатни манго,318,ч,объщая категория
чеддер,252,ч,объщая категория
черемуха,15,ч,объщая категория
черемуховая мука,370,ч,объщая категория
черемша,488,ч,объщая категория
черешневый джем,238,ч,объщая категория
черешня,909,ч,объщая категория
черешня консервированная без косточек,900,ч,объщая категория
черная смородина,929,ч,объщая категория
черника,751,ч,объщая категория
черника замороженная,203,ч,объщая категория
чернила каракатицы,764,ч,объщая категория
черничный джем,736,ч,объщая категория
чернослив,396,ч,объщая категория
чернослив без косточек,168,ч,объщая категория
чернослив вяленый,659,ч,объщая категория
чернослив копченый без косточек,459,ч,объщая категория
черносмородиновое варенье,388,ч,объщая категория
черносмородиновый джем,200,ч,объщая категория
чеснок,36,ч,объщая категория
чеснок молодой,679,ч,объщая категория
чеснок сушеный,603,ч,объщая категория
чесночная соль,660,ч,объщая категория
чесночное масло,694,ч,объщая категория
чесночный порошок,678,ч,объщая категория
чечевица,573,ч,объщая категория
чечевица вареная,399,ч,объщая категория
чечевица зеленая,153,ч,объщая категория
чечевица красная,150,ч,объщая категория
чечил спагетти,138,ч,объщая категория
чиабатта,245,ч,объщая категория
чиа семена,829,ч,объщая категория
чипотле молотый,551,ч,объщая категория
чипсы,103,ч,объщая категория
чоризо,71,ч,объщая категория
шалфей,502,ш,объщая категория
шалфей свежий,588,ш,объщая категория
шалфей сушеный,970,ш,объщая категория
шампанское,815,ш,объщая категория
шампанское советское,833,ш,объщая категория
шампанское сухое,940,ш,объщая категория
шампиньоны,618,ш,объщая категория
шампиньоны замороженные,942,ш,объщая категория
шампиньоны консервированные,557,ш,объщая категория
шампиньоны маринованные,161,ш,объщая категория
шампиньоны свежие,12,ш,объщая категория
шафран,656,ш,объщая категория
шафран имеретинский,301,ш,объщая категория
шафран молотый,266,ш,объщая категория
шафран нити,929,ш,объщая категория
шелковица,867,ш,объщая категория
шелковица сушеная,641,ш,объщая категория
шиповник,384,ш,объщая категория
шиповниковый сироп,828,ш,объщая категория
шнапс,359,ш,объщая категория
шнитт-лук,122,ш,объщая категория
шоколад,356,ш,объщая категория
шоколад белый,43,ш,объщая категория
шоколад горький с апельсиновой цедрой,379,ш,объщая категория
шоколад молочный,176,ш,объщая категория
шоколад мятный,348,ш,объщая категория
шоколадная паста,934,ш,объщая категория
шоколадная стружка,429,ш,объщая категория
шоколадное масло,507,ш,объщая категория
шоколадно-ореховая паста,237,ш,объщая категория
шоколадные горошины,106,ш,объщая категория
шоколадные капли,36,ш,объщая категория
шоколадные капли белые,220,ш,объщая категория
шоколадные конфеты,463,ш,объщая категория
шоколадные хлопья,895,ш,объщая категория
шоколадные шарики из готовых завтраков,382,ш,объщая категория
шоколадный ликер,281,ш,объщая категория
шоколадный сироп,856,ш,объщая категория
шоколадный соус,658,ш,объщая категория
шоколад полусладкий,176,ш,объщая категория
шоколад с орехами,450,ш,объщая категория
шоколад черный горький,161,ш,объщая категория
шоколад черный горький 70%,610,ш,объщая категория
шоколад черный горький 75%,604,ш,объщая категория
шоколад черный горький 85%,999,ш,объщая категория
шортенинг,172,ш,объщая категория
шпик,198,ш,объщая категория
шпик копченый,920,ш,объщая категория
шпинат,324,ш,объщая категория
шпинат замороженный,162,ш,объщая категория
шпинат молодой,87,ш,объщая категория
шпинат свежий,429,ш,объщая категория
шпроты,523,ш,объщая категория
шпроты в масле,148,ш,объщая категория
шрот,659,ш,объщая категория
щавель замороженный,327,щ,объщая категория
щавель свежий,958,щ,объщая категория
щука,627,щ,объщая категория
щука филе,365,щ,объщая категория
эгг-ног,272,э,объщая категория
эдам,30,э,объщая категория
эль,550,э,объщая категория
эмменталь,162,э,объщая категория
эскалоп,504,э,объщая категория
эстрагон,267,э,объщая категория
эстрагон сушеный,905,э,объщая категория
яблоки,142,я,объщая категория
яблоки антоновка,375,я,объщая категория
яблоки гала,622,я,объщая категория
яблоки голден,982,я,объщая категория
яблоки гренни смит,992,я,объщая категория
яблоки зеленые,433,я,объщая категория
яблоки красные,70,я,объщая категория
яблоки моченые,871,я,объщая категория
яблоки нетвердых сортов,63,я,объщая категория
яблоки сладкие,489,я,объщая категория
яблоки сушеные,667,я,объщая категория
яблочная эссенция,849,я,объщая категория
яблочное варенье,90,я,объщая категория
яблочное повидло,625,я,объщая категория
яблочное пюре,834,я,объщая категория
яблочные чипсы,189,я,объщая категория
яблочный джем,116,я,объщая категория
яблочный сироп,297,я,объщая категория
яблочный сок,660,я,объщая категория
яблочный соус,823,я,объщая категория
яблочный уксус,109,я,объщая категория
ягнятина,210,я,объщая категория
ягнятина кострец,80,я,объщая категория
ягнятина фарш,536,я,объщая категория
ягнячьи отбивные на косточке,513,я,объщая категория
ягнячья голень нарубленная,558,я,объщая категория
ягнячья корейка,193,я,объщая категория
ягодное варенье,463,я,объщая категория
ягодное желе,824,я,объщая категория
ягодный сироп,476,я,объщая категория
ягодный сок,371,я,объщая категория
ягодный соус кислый,512,я,объщая категория
ягоды,651,я,объщая категория
ягоды вяленые,541,я,объщая категория
ягоды замороженные,573,я,объщая категория
ягоды лесные,377,я,объщая категория
ягоды лесные замороженные,704,я,объщая категория
яичные белки,631,я,объщая категория
яичные желтки,738,я,объщая категория
яичные желтки вареные,137,я,объщая категория
яичные желтки крупные,267,я,объщая категория
яичный меланж,863,я,объщая категория
яичный порошок,490,я,объщая категория
яйца куриные,206,я,объщая категория
яйца куриные крупные,31,я,объщая категория
яйца перепелиные,298,я,объщая категория
японская крошка панко,222,я,объщая категория
ячменные хлопья,404,я,объщая категория
ячмень,609,я,объщая категория
ячневая крупа,700,я,объщая категория
